{
"mqtt_ha_discovery_prefix": "homeassistant_alt/",
"base_topic":"vitocal/",
"dp_prefix":"vitocal_",
"device": {"identifiers":["Vitotronic_WO1C"],"name":"Vitocal","model":"Vitocal 300G","manufacturer": "Viessmann"},
"device_short":{"identifiers": ["Vitotronic_WO1C"]},
"datapoints":
[
{"domain":"binary_sensor","name":"Error","device_class":"problem","payload_on": "1","payload_off": "0"},
{"domain":"binary_sensor","name":"NC Cooling","icon":"mdi:snowflake","payload_on": "1","payload_off": "0"},
{"domain":"binary_sensor","name":"HK1 Pump","icon":"mdi:pump","payload_on": "1","payload_off": "0","value_template":"{{ value if states(\"binary_sensor.vitocal_nc_cooling\")==\"off\" else \"1\" }}"}, 
{"domain":"binary_sensor","name":"HK2 Pump","icon":"mdi:pump","payload_on": "1","payload_off": "0","value_template":"{{ value if states(\"binary_sensor.vitocal_nc_cooling\")==\"off\" else \"1\" }}"},
{"domain":"sensor","name":"COP","unit_of_measurement":"x","icon":"mdi:multiplication"},
{"domain":"sensor","name":"Thermal Energy","unit_of_measurement":"kWh","icon":"mdi:meter-electric"},
{"domain":"sensor","name":"Electrical Energy","unit_of_measurement":"kWh","icon":"mdi:meter-electric"},
{"domain":"sensor","name":"Thermal Power","unit_of_measurement":"W","icon":"mdi:flash"},
{"domain":"sensor","name":"eHeater_3 Energy","unit_of_measurement":"kWh","icon":"mdi:heating-coil"},
{"domain":"sensor","name":"eHeater_6 Energy","unit_of_measurement":"kWh","icon":"mdi:heating-coil"},
{"domain":"sensor","name":"eHeater Power","unit_of_measurement":"W","icon":"mdi:heating-coil"},
{"domain":"sensor","name":"Electrical Power","unit_of_measurement":"W","icon":"mdi:flash"},
{"domain":"sensor","name":"Outside Temperature","unit_of_measurement":"Â°C","icon":"mdi:thermometer-lines"},
{"domain":"sensor","name":"Compressor","unit_of_measurement":"%","icon":"mdi:heat-pump-outline"},
{"domain":"sensor","name":"Primary Pump","unit_of_measurement":"%","icon":"mdi:pump"},
{"domain":"sensor","name":"Secondary Pump","unit_of_measurement":"%","icon":"mdi:pump"},
{"domain":"sensor","name":"Primary Supply Temperature","unit_of_measurement":"Â°C","icon":"mdi:thermometer-lines"},
{"domain":"sensor","name":"Primary Return Temperature","unit_of_measurement":"Â°C","icon":"mdi:thermometer-lines"},
{"domain":"sensor","name":"Secondary Supply Temperature","unit_of_measurement":"Â°C","icon":"mdi:thermometer-lines"},
{"domain":"sensor","name":"Secondary Return Temperature","unit_of_measurement":"Â°C","icon":"mdi:thermometer-lines"},
{"domain":"sensor","name":"Liquid Gas Temperature","unit_of_measurement":"Â°C","icon":"mdi:thermometer-lines"},
{"domain":"sensor","name":"Evaporation Temperature","unit_of_measurement":"Â°C","icon":"mdi:thermometer-lines"},
{"domain":"sensor","name":"Condensation Temperature","unit_of_measurement":"Â°C","icon":"mdi:thermometer-lines"},
{"domain":"sensor","name":"Suction Gas Temperature","unit_of_measurement":"Â°C","icon":"mdi:thermometer-lines"},
{"domain":"sensor","name":"Hot Gas Temperature","unit_of_measurement":"Â°C","icon":"mdi:thermometer-lines"},
{"domain":"sensor","name":"Superheating Target","unit_of_measurement":"Â°K","icon":"mdi:thermometer-lines"},
{"domain":"sensor","name":"Suction Gas Pressure","unit_of_measurement":"bar","icon":"mdi:thermometer-lines"},
{"domain":"sensor","name":"Hot Gas Pressure","unit_of_measurement":"bar","icon":"mdi:thermometer-lines"},
{"domain":"sensor","name":"Expansion Valve","unit_of_measurement":"%","icon":"mdi:thermometer-lines"},
{"domain":"sensor","name":"NC Supply Temperature","unit_of_measurement":"Â°C","icon":"mdi:thermometer-lines"},
{"domain":"sensor","name":"NC Supply Target Temperature","unit_of_measurement":"Â°C","icon":"mdi:thermometer-lines"},
{"domain":"sensor","name":"Buffer Temperature","unit_of_measurement":"Â°C","icon":"mdi:thermometer-lines"},{"domain":"sensor","name":"HK1 Supply Temperature","unit_of_measurement":"Â°C","icon":"mdi:thermometer-lines"},
{"domain":"sensor","name":"HK1 Supply Target Temperature","unit_of_measurement":"Â°C","icon":"mdi:thermometer-lines"},
{"domain":"sensor","name":"HK2 Supply Temperature","unit_of_measurement":"Â°C","icon":"mdi:thermometer-lines"},
{"domain":"sensor","name":"HK2 Supply Target Temperature","unit_of_measurement":"Â°C","icon":"mdi:thermometer-lines"},
{"domain":"sensor","name":"Resp","icon":"mdi:responsive"},
{"domain":"text","name":"Cmnd","icon":"mdi:gesture-tap-button","command_topic":"cmnd"},
{"domain":"number","name":"HK1 Normal Temperature","unit_of_measurement":"Â°C","icon":"mdi:thermometer-lines","command_topic":"cmnd","command_template":"{{ \"w;0x2000;2;\"~value*10 }}","min":10,"max":30,"step":1,"mode":"box","optimistic":false},
{"domain":"number","name":"HK1 Reduced Temperature","unit_of_measurement":"Â°C","icon":"mdi:thermometer-lines","command_topic":"cmnd","command_template":"{{ \"w;0x2001;2;\"~value*10 }}","min":10,"max":30,"step":1,"mode":"box","optimistic":false},
{"domain":"number","name":"HK1 Party Temperature","unit_of_measurement":"Â°C","icon":"mdi:thermometer-lines","command_topic":"cmnd","command_template":"{{ \"w;0x2022;2;\"~value*10 }}","min":10,"max":30,"step":1,"mode":"box","optimistic":false},
{"domain":"climate","name":"HK1 Thermostat",
  "mode_command_topic": "cmnd",
  "mode_state_topic": "hk1_mode",
  "modes": ["off","auto","heat"],
  "mode_state_template": "{% if value==\"0\" %} off {% elif value==\"2\" %} auto {% elif value==\"5\" %} heat {% endif %}",
  "mode_command_template": "{% if value==\"off\" %} w;0xB000;1;0 {% elif value==\"auto\" %} w;0xB000;1;2 {% elif value==\"heat\" %} w;0xB000;1;5 {% endif %}",
  "preset_mode_command_topic": "cmnd",
  "preset_mode_state_topic": "hk1_mode",
  "preset_modes": ["eco","Comfort","Reduced","Normal"],
  "preset_mode_value_template": "{% if value==\"130\" %} eco {% elif value==\"66\" %} Comfort {% elif value==\"4\" %} Reduced {% elif value==\"5\" %} Normal {% elif value==\"0\" or value==\"2\" %} none {% endif %}",
  "preset_mode_command_template": "{% if value==\"eco\" %} w;0xB000;1;130 {% elif value==\"Comfort\" %} w;0xB000;1;66 {% elif value==\"Reduced\" %} w;0xB000;1;4 {% elif value==\"Normal\" %} w;0xB000;1;5 {% elif value==\"none\" %} w;0xB000;1;2 {% endif %}",
  "temperature_state_topic": "hk1_requested_temperature",
  "current_temperature_topic": "hk1_temperature",
  "precision": 0.1
},
{"domain":"number","name":"HK2 Normal Temperature","unit_of_measurement":"Â°C","icon":"mdi:thermometer-lines","command_topic":"cmnd","command_template":"{{ \"w;0x3000;2;\"~value*10 }}","min":10,"max":30,"step":1,"mode":"box","optimistic":false},
{"domain":"number","name":"HK2 Reduced Temperature","unit_of_measurement":"Â°C","icon":"mdi:thermometer-lines","command_topic":"cmnd","command_template":"{{ \"w;0x3001;2;\"~value*10 }}","min":10,"max":30,"step":1,"mode":"box","optimistic":false},
{"domain":"number","name":"HK2 Party Temperature","unit_of_measurement":"Â°C","icon":"mdi:thermometer-lines","command_topic":"cmnd","command_template":"{{ \"w;0x3022;2;\"~value*10 }}","min":10,"max":30,"step":1,"mode":"box","optimistic":false},
{"domain":"climate","name":"HK2 Thermostat",
  "mode_command_topic": "cmnd",
  "mode_state_topic": "hk2_mode",
  "modes": ["off","auto","heat"],
  "mode_state_template": "{% if value==\"0\" %} off {% elif value==\"2\" %} auto {% elif value==\"5\" %} heat {% endif %}",
  "mode_command_template": "{% if value==\"off\" %} w;0xB001;1;0 {% elif value==\"auto\" %} w;0xB001;1;2 {% elif value==\"heat\" %} w;0xB001;1;5 {% endif %}",
  "preset_mode_command_topic": "cmnd",
  "preset_mode_state_topic": "hk2_mode",
  "preset_modes": ["eco","Comfort","Reduced","Normal"],
  "preset_mode_value_template": "{% if value==\"130\" %} eco {% elif value==\"66\" %} Comfort {% elif value==\"4\" %} Reduced {% elif value==\"5\" %} Normal {% elif value==\"0\" or value==\"2\" %} none {% endif %}",
  "preset_mode_command_template": "{% if value==\"eco\" %} w;0xB001;1;130 {% elif value==\"Comfort\" %} w;0xB001;1;66 {% elif value==\"Reduced\" %} w;0xB001;1;4 {% elif value==\"Normal\" %} w;0xB001;1;5 {% elif value==\"none\" %} w;0xB001;1;2 {% endif %}",
  "temperature_state_topic": "hk2_requested_temperature",
  "current_temperature_topic": "hk2_temperature",
  "precision": 0.1
}
]
}